mechanism,het,info,concentration,n,outcome_from,coef_spread,miss,n_pat,cov30,eff_pat,prev,mean_impute,mean_indicator,tuned_impute,tuned_indicator,safe_adaptive,safe_oracle,delta_vs_tuned_ind,p_vs_tuned_ind,wins,n_folds,kappa_median
MCAR,0.0,0.0,0.9,1000,pattern,1.0451708942760263e-16,0.1224375,12,0.943,2.973572115717008,0.106,0.694270940452424,0.6925492985420045,0.6927984248692576,0.6905074868712144,0.6908951761138864,0.70205862544791,0.0003876892426721623,0.025596805385948558,6,25,1000000000.0
MCAR,0.0,0.0,0.9,4000,pattern,1.441988889405721e-16,0.15184375,12,0.982,2.867321830264796,0.09725,0.8531354768613771,0.8527321322800606,0.852663749253397,0.8536023873886011,0.853602387388601,0.8570201163733455,-1.4654943925052067e-16,1.0,1,25,1000000000.0
MCAR,0.0,0.0,0.5,1000,pattern,5.405289930926482e-16,0.1178125,57,0.702,14.345958887345661,0.104,0.7476580252149168,0.743650937432605,0.7477098675997947,0.7434828367556559,0.7442597642719201,0.7621500899545919,0.0007769275162643919,0.7150006546880893,2,25,1000000000.0
MCAR,0.0,0.0,0.5,4000,pattern,3.86843335142828e-16,0.11584375,60,0.8565,13.95740703241044,0.09825,0.5100380454169876,0.5038203155516867,0.5095492248543915,0.5029081318722796,0.5029081318722796,0.5069624373197414,0.0,1.0,0,25,1000000000.0
MCAR,0.0,0.0,0.1,1000,pattern,2.2603446891977796e-15,0.1161875,197,0.0,150.21272667168074,0.108,0.6828892677026611,0.6807227910034815,0.684373614826839,0.6819667965139301,0.6819667965139301,0.6979656318484954,1.5543122344752193e-17,1.0,6,25,1000000000.0
MCAR,0.0,0.0,0.1,4000,pattern,3.884045862712071e-15,0.11921875,215,0.3665,161.16511830275894,0.1,0.5986092087648922,0.5984708709418423,0.5985317918747041,0.5980749115455053,0.6030868545166657,0.6187429872863224,0.005011942971160379,0.03665792867221451,9,25,1000000000.0
MCAR,0.0,1.5,0.9,1000,pattern,1.0451708942760263e-16,0.1224375,12,0.943,2.973572115717008,0.104,0.6691175772784717,0.6787821036679584,0.6680926357697059,0.6744025775215146,0.6744025775215146,0.6877576689449476,3.552713678800501e-17,1.0,5,25,1000000000.0
MCAR,0.0,1.5,0.9,4000,pattern,1.441988889405721e-16,0.15184375,12,0.982,2.867321830264796,0.09525,0.7924515759562345,0.8565867312739508,0.7930671368107405,0.8560794788580713,0.8560794788580713,0.8582206050381211,1.0658141036401502e-16,1.0,15,25,1000000000.0
MCAR,0.0,1.5,0.5,1000,pattern,5.405289930926482e-16,0.1178125,57,0.702,14.345958887345661,0.105,0.7065751089256379,0.7577354179533643,0.7045336416856691,0.7598137176053362,0.7600952893409765,0.7703190201301153,0.0002815717356401448,0.31731050786291415,1,25,1000000000.0
MCAR,0.0,1.5,0.5,4000,pattern,3.86843335142828e-16,0.11584375,60,0.8565,13.95740703241044,0.101,0.45503009678665896,0.4941814978143722,0.45610394972667573,0.4931125234386768,0.49456286538606803,0.5050967378586,0.001450341947391236,0.5001842570707944,3,25,1000000000.0
MCAR,0.0,1.5,0.1,1000,pattern,2.2603446891977796e-15,0.1161875,197,0.0,150.21272667168074,0.104,0.6422555819378362,0.649369710149475,0.6422632194389692,0.647551766786847,0.6476534041276432,0.6702410255039392,0.00010163734079606357,0.08446903225325182,6,25,1000000000.0
MCAR,0.0,1.5,0.1,4000,pattern,3.884045862712071e-15,0.11921875,215,0.3665,161.16511830275894,0.0955,0.5234839372658898,0.5213931300827193,0.523281869350992,0.5211369374485506,0.5252482354350165,0.5433289662403744,0.004111297986465905,0.009925485845323257,9,25,1000000000.0
MCAR,0.5,0.0,0.9,1000,pattern,0.44199037024705773,0.1224375,12,0.943,2.973572115717008,0.108,0.7561654479397949,0.7989790201641104,0.7545442201197012,0.796682018388537,0.7966699513944877,0.799235995439945,-1.2066994049293455e-05,0.252737478544408,3,25,1000000000.0
MCAR,0.5,0.0,0.9,4000,pattern,0.4370174505187311,0.15184375,12,0.982,2.867321830264796,0.097,0.828222789600687,0.8291065323823248,0.8281367668695822,0.8295843177000113,0.8314020039304377,0.8419814044414218,0.0018176862304265119,0.6778423051722009,7,25,1000000000.0
MCAR,0.5,0.0,0.5,1000,pattern,0.48231983865115335,0.1178125,57,0.702,14.345958887345661,0.104,0.5975571827347903,0.5499590792883119,0.5949215270983348,0.5522447797464922,0.5536833583009187,0.5942509364977258,0.0014385785544265195,0.10880943004054568,3,25,1000000000.0
MCAR,0.5,0.0,0.5,4000,pattern,0.49149355195770855,0.11584375,60,0.8565,13.95740703241044,0.097,0.5587100783662513,0.6359339735131327,0.5604951311180136,0.6401731145538473,0.6400486796103606,0.6423619268969124,-0.00012443494348678196,0.17971249487899976,0,25,1000000000.0
MCAR,0.5,0.0,0.1,1000,pattern,0.4990821606464876,0.1161875,197,0.0,150.21272667168074,0.098,0.5744899529637908,0.5717722372008199,0.5700162167090607,0.5627531642218077,0.5635095308636617,0.5839599064291311,0.0007563666418541138,0.6547208460185769,1,25,1000000000.0
MCAR,0.5,0.0,0.1,4000,pattern,0.5027305996624527,0.11921875,215,0.3665,161.16511830275894,0.102,0.4780000890162435,0.48484802048161524,0.4780067987969695,0.48495159862518933,0.49122011297860707,0.5115589476662039,0.006268514353417785,0.004741768038406972,11,25,1000000000.0
MCAR,0.5,1.5,0.9,1000,pattern,0.44199037024705773,0.1224375,12,0.943,2.973572115717008,0.114,0.7094776843300226,0.7072897166146004,0.7116437406480685,0.7108972232865541,0.7108820298920371,0.724012385097338,-1.5193394517001302e-05,0.0955807045456294,1,25,1000000000.0
MCAR,0.5,1.5,0.9,4000,pattern,0.4370174505187311,0.15184375,12,0.982,2.867321830264796,0.097,0.7974980680793707,0.853877223592125,0.7977937849819952,0.8536984160250622,0.854233768507947,0.8619610085183467,0.0005353524828847833,0.016458498374135027,5,25,1000000000.0
MCAR,0.5,1.5,0.5,1000,pattern,0.48231983865115335,0.1178125,57,0.702,14.345958887345661,0.109,0.5977269653400089,0.5839416960980601,0.5924470753798688,0.582122278172788,0.5816435050577078,0.6208286128175515,-0.0004787731150803709,0.6547208460185769,1,25,1000000000.0
MCAR,0.5,1.5,0.5,4000,pattern,0.49149355195770855,0.11584375,60,0.8565,13.95740703241044,0.10125,0.4938817355558842,0.6246831222908303,0.4958681839067605,0.6263793358684006,0.6263793358684006,0.6311693564339006,0.0,1.0,0,25,1000000000.0
MCAR,0.5,1.5,0.1,1000,pattern,0.4990821606464876,0.1161875,197,0.0,150.21272667168074,0.101,0.5754186448512951,0.5472958757251312,0.5709765965460802,0.5473038175475757,0.5471217848246028,0.5600018902089983,-0.00018203272297286465,0.6547208460185769,1,25,1000000000.0
MCAR,0.5,1.5,0.1,4000,pattern,0.5027305996624527,0.11921875,215,0.3665,161.16511830275894,0.09925,0.45253238675357765,0.461164257585298,0.45244659335002096,0.4613288710681009,0.4667977290930718,0.49125149083499153,0.0054688580249709195,0.13295729296233563,11,25,1000.0
MCAR,1.5,0.0,0.9,1000,pattern,1.3259711107411731,0.1224375,12,0.943,2.973572115717008,0.105,0.760777508813563,0.8804273787738882,0.7576076815983533,0.8806181309932823,0.8805527325392352,0.8848904742908938,-6.539845404706756e-05,0.4906926602847972,13,25,1000000000.0
MCAR,1.5,0.0,0.9,4000,pattern,1.3110523515561932,0.15184375,12,0.982,2.867321830264796,0.09575,0.6918542951527935,0.6882608013113622,0.6914675048869475,0.6868849672173759,0.792272794383531,0.8021726713181293,0.10538782716615519,5.960464477539063e-08,25,25,100.0
MCAR,1.5,0.0,0.5,1000,pattern,1.44695951595346,0.1178125,57,0.702,14.345958887345661,0.103,0.4200014184049715,0.37610222272364413,0.4208836757839676,0.3831524550112938,0.43844387654545736,0.4824848343372836,0.055291421534163644,0.00037799533287222436,20,25,300.0
MCAR,1.5,0.0,0.5,4000,pattern,1.4744806558731254,0.11584375,60,0.8565,13.95740703241044,0.101,0.49735258191974974,0.6340314999495962,0.5014762660175375,0.6419697433657536,0.6404871348091828,0.6492415878211909,-0.0014826085565708658,0.27332167829229814,1,25,1000000000.0
MCAR,1.5,0.0,0.1,1000,pattern,1.4972464819394624,0.1161875,197,0.0,150.21272667168074,0.098,0.4122822300050749,0.3968791887085167,0.414462311928745,0.404943471532745,0.39898407097613875,0.43944415997573677,-0.005959400556606176,1.0,4,25,1000000000.0
MCAR,1.5,0.0,0.1,4000,pattern,1.5081917989873581,0.11921875,215,0.3665,161.16511830275894,0.10325,0.2902984646485034,0.2900995935863618,0.2892076188273955,0.29007253051498927,0.31405050505733667,0.329522205186276,0.023977974542347454,0.00021367000439069728,17,25,1000.0
MCAR,1.5,1.5,0.9,1000,pattern,1.3259711107411731,0.1224375,12,0.943,2.973572115717008,0.103,0.754820312604862,0.8501032778763258,0.7551615537330867,0.8441133393375888,0.8439632050218014,0.8475561813267463,-0.0001501343157874979,0.688613969687663,9,25,1000000000.0
MCAR,1.5,1.5,0.9,4000,pattern,1.3110523515561932,0.15184375,12,0.982,2.867321830264796,0.09725,0.7441023479536453,0.7877967412152911,0.7438098889297641,0.7865871395600808,0.8408864518213298,0.848979094871024,0.05429931226124911,5.960464477539063e-08,25,25,300.0
MCAR,1.5,1.5,0.5,1000,pattern,1.44695951595346,0.1178125,57,0.702,14.345958887345661,0.1,0.45821035850248293,0.4363057218347722,0.45892170837310386,0.4377844672318383,0.4603428648556981,0.5093448536151824,0.022558397623859756,0.0007239534999888531,16,25,1000.0
MCAR,1.5,1.5,0.5,4000,pattern,1.4744806558731254,0.11584375,60,0.8565,13.95740703241044,0.1005,0.48019504254854206,0.6331936909886619,0.4834833675866804,0.642532789633118,0.6421096909817829,0.651425855363639,-0.0004230986513351054,0.31731050786291415,0,25,1000000000.0
MCAR,1.5,1.5,0.1,1000,pattern,1.4972464819394624,0.1161875,197,0.0,150.21272667168074,0.102,0.3952335502751726,0.36962221249339583,0.3890219273519684,0.3705625543141473,0.37173109538050647,0.4048119062603645,0.0011685410663591612,0.6547208460185769,1,25,1000000000.0
MCAR,1.5,1.5,0.1,4000,pattern,1.5081917989873581,0.11921875,215,0.3665,161.16511830275894,0.1,0.27742773991651837,0.2749513317527766,0.2769618507553807,0.2744033880153047,0.2851047580710668,0.31289452430537695,0.01070137005576219,0.007481778161526851,12,25,1000.0
